enzyme,entry_name,AA_sequence,Active Site,Km,Substrate,Product
Angiotensin-converting enzyme,ACE_HUMAN,MGAASGRRGPGLLLPLPLLLLLPPQPALALDPGLQPGNFSADEAGAQLFAQSYNSSAEQVLFQSVAASWAHDTNITAENARRQEEAALLSQEFAEAWGQKAKELYEPIWQNFTDPQLRRIIGAVRTLGSANLPLAKRQQYNALLSNMSRIYSTAKVCLPNKTATCWSLDPDLTNILASSRSYAMLLFAWEGWHNAAGIPLKPLYEDFTALSNEAYKQDGFTDTGAYWRSWYNSPTFEDDLEHLYQQLEPLYLNLHAFVRRALHRRYGDRYINLRGPIPAHLLGDMWAQSWENIYDMVVPFPDKPNLDVTSTMLQQGWNATHMFRVAEEFFTSLELSPMPPEFWEGSMLEKPADGREVVCHASAWDFYNRKDFRIKQCTRVTMDQLSTVHHEMGHIQYYLQYKDLPVSLRRGANPGFHEAIGDVLALSVSTPEHLHKIGLLDRVTNDTESDINYLLKMALEKIAFLPFGYLVDQWRWGVFSGRTPPSRYNFDWWYLRTKYQGICPPVTRNETHFDAGAKFHVPNVTPYIRYFVSFVLQFQFHEALCKEAGYEGPLHQCDIYRSTKAGAKLRKVLQAGSSRPWQEVLKDMVGLDALDAQPLLKYFQPVTQWLQEQNQQNGEVLGWPEYQWHPPLPDNYPEGIDLVTDEAEASKFVEEYDRTSQVVWNEYAEANWNYNTNITTETSKILLQKNMQIANHTLKYGTQARKFDVNQLQNTTIKRIIKKVQDLERAALPAQELEEYNKILLDMETTYSVATVCHPNGSCLQLEPDLTNVMATSRKYEDLLWAWEGWRDKAGRAILQFYPKYVELINQAARLNGYVDAGDSWRSMYETPSLEQDLERLFQELQPLYLNLHAYVRRALHRHYGAQHINLEGPIPAHLLGNMWAQTWSNIYDLVVPFPSAPSMDTTEAMLKQGWTPRRMFKEADDFFTSLGLLPVPPEFWNKSMLEKPTDGREVVCHASAWDFYNGKDFRIKQCTTVNLEDLVVAHHEMGHIQYFMQYKDLPVALREGANPGFHEAIGDVLALSVSTPKHLHSLNLLSSEGGSDEHDINFLMKMALDKIAFIPFSYLVDQWRWRVFDGSITKENYNQEWWSLRLKYQGLCPPVPRTQGDFDPGAKFHIPSSVPYIRYFVSFIIQFQFHEALCQAAGHTGPLHKCDIYQSKEAGQRLATAMKLGFSRPWPEAMQLITGQPNMSASAMLSYFKPLLDWLRTENELHGEKLGWPQYNWTPNSARSEGPLPDSGRVSFLGLDLDAQQARVGQWLLLFLGIALLVATLGLSQRLFSIRHRSLHRHSHGPQFGSEVELRHS,"H-383, H-387, E-411",N/A,angiotensin I,angiotensin II
Alanine dehydrogenase,DHA_LYSSH,MKIGIPKEIKNNENRVAMTPAGVVSLTHAGHERLAIETGGGIGSSFTDAEYVAAGAAYRCIGKEAWAQEMILKVKEPVASEYDYFYEGQILFTYLHLAPRAELTQALIDKKVVGIAYETVQLANGSLPLLTPMSEVAGKMATQIGAQYLEKNHGGKGILLGGVSGVHARKVTVIGGGIAGTNAAKIAVGMGADVTVIDLSPERLRQLEDMFGRDVQTLMSNPYNIAESVKHSDLVVGAVLIPGAKAPKLVSEEMIQSMQPGSVVVDIAIDQGGIFATSDRVTTHDDPTYVKHGVVHYAVANMPGAVPRTSTIALTNNTIPYALQIANKGYKQACIDNPALKKGVNALEGHITYKAVAEAQGLPYVNVDELIQ,N/A,N/A,L-alanine,pyruvate
Alcohol dehydrogenase,ADH_MORSE,MKAAVLHEFGQSLQIEEVDIPTPGAGEIVVKMQASGVCHTDLHAVEGDWPVKPSPPFIPGHEGVGLITAVGEGVTHVKEGDRVGVAWLYSACGHCTHCLGGWETLCESQQNSGYSVNGSFAEYVLANANYVGIIPESVDSIEIAPVLCAGVTVYKGLKMTDTKPGDWVVISGIGGLGHMAVQYAIAMGLNVAAVDIDDDKLAFAKKLGAKVTVNAKNTDPAEYLQKEIGGAHGALVTAVSAKAFDQALSMLRRGGTLVCNGLPPGDFPVSIFDTVLNGITIRGSIVGTRLDLQESLDMAAAGKVKATVTAEPLENINDIFERMRQGKIEGRIVIDYTM,N/A,N/A,ethanol (can act on various alcohols and aldehydes),aldehyde or ketone
Glucose-6-phosphate isomerase,G6PI_METJA,MLSYDYENALKVGEISLEDINKVDFANAYSNLMEKLDNGVVGFRDVIYDENLDKYKSLNGYENVVVIGMGGSILGTMAIYYAISPFNNNAYFIDNSDPEKTLSILKKVDLNESIIYIISKSGNTLETLVNYYLIKKRIEKLNSFKGKLVFITNGGKLKREAEKNNYDIFSIPENVPGRFSVFTAVGLAPLYSLGVDISKILEGAREMDKICQNEDILKNPALLNGVIHYLYDKRGKDISVIMSYVESLKYFGDWYKQLIGESLGKNKHGITPLLSIGAKDQHSLLQLYMDGKKDKIITFMVAKKYRLDEEIEFEDINDEKISCRYSDIIRSQQKATEIALTNNGVPNVRITLDEINEMAMGALLYMYEMQVGFMGELYNINAYNQPAVEEEKKICWRLIKQ,"C-46, H-66",N/A,Glucose-6-phosphate,fructose 6-phosphate
Lysophospholipid acyltransferase 5,MBOA5_HUMAN,MASSAEGDEGTVVALAGVLQSGFQELSLNKLATSLGASEQALRLIISIFLGYPFALFYRHYLFYKETYLIHLFHTFTGLSIAYFNFGNQLYHSLLCIVLQFLILRLMGRTITAVLTTFCFQMAYLLAGYYYTATGNYDIKWTMPHCVLTLKLIGLAVDYFDGGKDQNSLSSEQQKYAIRGVPSLLEVAGFSYFYGAFLVGPQFSMNHYMKLVQGELIDIPGKIPNSIIPALKRLSLGLFYLVGYTLLSPHITEDYLLTEDYDNHPFWFRCMYMLIWGKFVLYKYVTCWLVTEGVCILTGLGFNGFEEKGKAKWDACANMKVWLFETNPRFTGTIASFNINTNAWVARYIFKRLKFLGNKELSQGLSLLFLALWHGLHSGYLVCFQMEFLIVIVERQAARLIQESPTLSKLAAITVLQPFYYLVQQTIHWLFMGYSMTAFCLFTWDKWLKVYKSIYFLGHIFFLSLLFILPYIHKAMVPRKEKLKKME,"C-100, H-185, E-358",N/A,lysophospholipid,phosphatidylcholine
Phthiocerol/phthiodiolone dimycocerosyl,PAPA5_MYCTU,MFPGSVIRKLSHSEEVFAQYEVFTSMTIQLRGVIDVDALSDAFDALLETHPVLASHLEQSSDGGWNLVADDLLHSGICVIDGTAATNGSPSGNAELRLDQSVSLLHLQLILREGGAELTLYLHHCMADGHHGAVLVDELFSRYTDAVTTGDPGPITPQPTPLSMEAVLAQRGIRKQGLSGAERFMSVMYAYEIPATETPAVLAHPGLPQAVPVTRLWLSKQQTSDLMAFGREHRLSLNAVVAAAILLTEWQLRNTPHVPIPYVYPVDLRFVLAPPVAPTEATNLLGAASYLAEIGPNTDIVDLASDIVATLRADLANGVIQQSGLHFGTAFEGTPPGLPPLVFCTDATSFPTMRTPPGLEIEDIKGQFYCSISVPLDLYSCAVYAGQLIIEHHGHIAEPGKSLEAIRSLLCTVPSEYGWIME,N/A,N/A,N/A (educated guess: phthiocerol or phthiodiolone and a dimycocerosyl donor molecule),"N/A (hypothetical answer, possibly phthiocerol or phthiodiolone molecule esterified with a mycocerosic acid)"
Acidic phospholipase A2 EC-I,PA2A1_ECHCA,MKTLWIVAVWLIAVEGNLYQFGRMIWNRTGKLPILSYGSYGCYCGWGGQGPPKDATDRCCLVHDCCYTRVGDCSPKMTLYSYRFENGDIICDNKDPCKRAVCECDREAAICLGENVNTYDKKYKSYEDCTEEVQEC,N/A,N/A,"phospholipids, specifically the sn-2 acyl bond",free fatty acid and a 2-acyl lysophospholipid
Gamma-glutamyl-gamma-aminobutyrate hydrolase PuuD,PUUD_ECOLI,MENIMNNPVIGVVMCRNRLKGHATQTLQEKYLNAIIHAGGLPIALPHALAEPSLLEQLLPKLDGIYLPGSPSNVQPHLYGENGDEPDADPGRDLLSMAIINAALERRIPIFAICRGLQELVVATGGSLHRKLCEQPELLEHREDPELPVEQQYAPSHEVQVEEGGLLSALLPECSNFWVNSLHGQGAKVVSPRLRVEARSPDGLVEAVSVINHPFALGVQWHPEWNSSEYALSRILFEGFITACQHHIAEKQRL,Catalytic dyad of histidine and aspartic acid (not specific residues provided),N/A,gamma-glutamyl-gamma-aminobutyrate,gamma-aminobutyrate
Monoglyceride lipase,MGLL_YEAST,MAPYPYKVQTTVPELQYENFDGAKFGYMFWPVQNGTNEVRGRVLLIHGFGEYTKIQFRLMDHLSLNGYESFTFDQRGAGVTSPGRSKGVTDEYHVFNDLEHFVEKNLSECKAKGIPLFMWGHSMGGGICLNYACQGKHKNEISGYIGSGPLIILHPHTMYNKPTQIIAPLLAKFLPRVRIDTGLDLKGITSDKAYRAFLGSDPMSVPLYGSFRQIHDFMQRGAKLYKNENNYIQKNFAKDKPVIIMHGQDDTINDPKGSEKFIQDCPSADKELKLYPGARHSIFSLETDKVFNTVFNDMKQWLDKHTTTEAKP,N/A,N/A,monoglycerides,glycerol and a fatty acid
Monoacylglycerol lipase,MGL2_YEAST,MRLKELLPNFLIVHQEVPEDPIAFKSTDKRENENKEITIPELIDTKVPELADGATDTLYGLLVNGHLQTAYGSFRHFDNIYKVQYKRMIIKYPHGGEGTVDFAVNGRSTKRRKVEKEYVPTSQPVFNGNLKRRYSYYSPDDPKLNSDDAKPMLIILHGLTGGSRESYVRAIVHEITTKYDFEACVFNARGCCYSAITTPLLYNGGWTNDIRYCVNDLRKRFPNRKFYMMGFSLGASIMTNYLGEESDRTKIECAISVSNPFDLYNSAYFINSTPMGSRFYSPALGHNLLRMVRNHLSTLEENPDFKDVIEKHLKKIRTVRQFDNLLTGPMFGYKNAEEYYKNASSYKRIPGIRTPFIALHAQDDPIVGGDLPIDQIKSNPYTLLLETSTGGHVGWFKDRSGRRWYAEPLCRFLKIFHDEITVKGLKPDLENVQLPDPNCEPIATTFRAN,N/A,N/A,monoacylglycerol,glycerol and a fatty acid
Arabinose 5-phosphate isomerase KpsF,KPSF_ECOL6,MSERHLPDDQSSTIDPYLITSVRQTLAEQSAALQNLSKQLDSGQYQRVLNLIMNCKGHVILSGMGKSGHVGRKISATLASTGTPSFFIHPAEAFHGDLGMITPYDLLILISASGETDEILKLVPSLKNFGNRIIAITNNGNSTLAKNADAVLELHMANETCPNNLAPTTSTTLTMAIGDALAIAMIHQRKFMPNDFARYHPGGSLGRRLLTRVADVMQHDVPAVQLDASFKTVIQRITSGCQGMVMVEDAEGGLAGIITDGDLRRFMEKEGSLTSATAAQMMTREPLTLPEDTMIIEAEEKMQKHRVSTLLVTNKANKVTGLVRIFD,N/A,N/A,Arabinose 5-phosphate,ribulose 5-phosphate
3-sulfolactaldehyde reductase,SQUU_ECOLI,MAAIAFIGLGQMGSPMASNLLQQGHQLRVFDVNAEAVRHLVDKGATPAANPAQAAKDAEFIITMLPNGDLVRNVLFGENGVCEGLSTDALVIDMSTIHPLQTDKLIADMQAKGFSMMDVPVGRTSANAITGTLLLLAGGTAEQVERATPILMAMGSELINAGGPGMGIRVKLINNYMSIALNALSAEAAVLCEALNLPFDVAVKVMSGTAAGKGHFTTSWPNKVLSGDLSPAFMIDLAHKDLGIALDVANQLHVPMPLGAASREVYSQARAAGRGRQDWSAILEQVRVSAGMTAKVKM,N/A,N/A,3-sulfolactaldehyde,3-sulfolactate
5-(hydroxymethyl)furfural oxidase,HMFO_METS6,MTDTIFDYVIVGGGTAGSVLANRLSARPENRVLLIEAGIDTPENNIPPEIHDGLRPWLPRLSGDKFFWPNLTIHRAAEHPGITREPQFYEQGRLLGGGSSVNMVVSNRGLPRDYDEWQALGADGWDWQGVLPYFIKTERDADYGDDPLHGNAGPIPIGRVDSRHWSDFTVAATQALEAAGLPNIHDQNARFDDGYFPPAFTLKGEERFSAARGYLDASVRVRPNLSLWTESRVLKLLTTGNAITGVSVLRGRETLQVQAREVILTAGALQSPAILLRTGIGPAADLHALGIPVLADRPGVGRNLWEHSSIGVVAPLTEQARADASTGKAGSRHQLGIRASSGVDPATPSDLFLHIGADPVSGLASAVFWVNKPSSTGWLKLKDADPFSYPDVDFNLLSDPRDLGRLKAGLRLITHYFAAPSLAKYGLALALSRFAAPQPGGPLLNDLLQDEAALERYLRTNVGGVWHASGTARIGRADDSQAVVDKAGRVYGVTGLRVADASIMPTVPTANTNLPTLMLAEKIADAILTQA,"S-156, D-239, H-269",N/A,5-(hydroxymethyl)furfural,5-formylfuran-2-carboxylic acid
"4,5:9,10-diseco-3-hydroxy-5,9,17-trioxoandrosta-1(10),2-diene-4-oate hydrolase",HSAD_MYCTU,MTATEELTFESTSRFAEVDVDGPLKLHYHEAGVGNDQTVVLLHGGGPGAASWTNFSRNIAVLARHFHVLAVDQPGYGHSDKRAEHGQFNRYAAMALKGLFDQLGLGRVPLVGNSLGGGTAVRFALDYPARAGRLVLMGPGGLSINLFAPDPTEGVKRLSKFSVAPTRENLEAFLRVMVYDKNLITPELVDQRFALASTPESLTATRAMGKSFAGADFEAGMMWREVYRLRQPVLLIWGREDRVNPLDGALVALKTIPRAQLHVFGQCGHWVQVEKFDEFNKLTIEFLGGGR,N/A,N/A,"4,5:9,10-diseco-3-hydroxy-5,9,17-trioxoandrosta-1(10),2-diene-4-oate","3-hydroxy-9,10-secoandrosta-1,3,5(10)-triene-9,17-dione"